<?xml version="1.0" encoding="UTF-8"?>
<project-private xmlns="http://www.netbeans.org/ns/project-private/1">
    <editor-bookmarks xmlns="http://www.netbeans.org/ns/editor-bookmarks/2" lastBookmarkId="0"/>
    <open-files xmlns="http://www.netbeans.org/ns/projectui-open-files/2">
        <group>
            <file>file:/C:/Users/donyc/Documents/NetBeansProjects/ProyectoFinal/src/controlador/ControladorReservHotel.java</file>
            <file>file:/C:/Users/donyc/Documents/NetBeansProjects/ProyectoFinal/src/vistas/vistaMenu.java</file>
            <file>file:/C:/Users/donyc/Documents/NetBeansProjects/ProyectoFinal/src/vistas/vistaReservHotel.java</file>
            <file>file:/C:/Users/donyc/Documents/NetBeansProjects/ProyectoFinal/src/vistas/vistaLogin.java</file>
            <file>file:/C:/Users/donyc/Documents/NetBeansProjects/ProyectoFinal/src/modelo/ReservHotel.java</file>
            <file>file:/C:/Users/donyc/Documents/NetBeansProjects/ProyectoFinal/src/modelo/ReservHotelDAO.java</file>
            <file>file:/C:/Users/donyc/Documents/NetBeansProjects/ProyectoFinal/src/main/Reservar.java</file>
        </group>
    </open-files>
</project-private>
